{
    "Q_Table": {
        "((9, 9), 'RIGHT')": -0.83222784,
        "((9, 9), 'UP')": -0.7902848,
        "((9, 9), 'LEFT')": -0.33751669660164546,
        "((8, 9), 'UP')": -0.36000000000000004,
        "((8, 9), 'LEFT')": -0.2729043438652785,
        "((7, 9), 'DOWN')": -0.23466330693120002,
        "((7, 10), 'DOWN')": -0.17339166208,
        "((7, 11), 'UP')": -0.188058777344,
        "((7, 10), 'RIGHT')": -0.36000000000000004,
        "((7, 11), 'DOWN')": -0.21685404800000002,
        "((7, 12), 'UP')": -0.25716288,
        "((7, 11), 'RIGHT')": -0.488,
        "((7, 10), 'UP')": -0.24156477747200006,
        "((7, 10), 'LEFT')": -0.36000000000000004,
        "((7, 11), 'LEFT')": -0.488,
        "((7, 12), 'LEFT')": -0.2,
        "((7, 12), 'RIGHT')": -0.2,
        "((7, 12), 'DOWN')": -0.21699200000000002,
        "((7, 13), 'DOWN')": -0.488,
        "((7, 13), 'RIGHT')": -0.2,
        "((7, 13), 'LEFT')": -0.36000000000000004,
        "((7, 13), 'UP')": -0.30221056,
        "((7, 9), 'RIGHT')": -0.29697800860186263,
        "((7, 9), 'LEFT')": -0.36000000000000004,
        "((7, 9), 'UP')": -0.36000000000000004,
        "((8, 9), 'RIGHT')": -0.32106582959043184,
        "((8, 9), 'DOWN')": -0.36000000000000004,
        "((9, 9), 'DOWN')": 2.391484499999994,
        "((9, 10), 'RIGHT')": -0.488,
        "((9, 10), 'UP')": -0.35535054057472,
        "((9, 10), 'LEFT')": -0.36000000000000004,
        "((9, 10), 'DOWN')": 2.657204999999994,
        "((9, 11), 'RIGHT')": 2.9524499999999945,
        "((10, 11), 'DOWN')": -0.5904,
        "((10, 11), 'UP')": -0.36000000000000004,
        "((10, 11), 'RIGHT')": 3.2804999999999946,
        "((11, 11), 'RIGHT')": 3.644999999999995,
        "((12, 11), 'UP')": -0.36000000000000004,
        "((12, 11), 'DOWN')": -0.5904,
        "((12, 11), 'RIGHT')": 4.049999999999995,
        "((13, 11), 'LEFT')": -0.16200000000000003,
        "((12, 11), 'LEFT')": -0.18324000000000001,
        "((11, 11), 'UP')": -0.67232,
        "((11, 11), 'DOWN')": -0.488,
        "((11, 11), 'LEFT')": -0.19476000000000002,
        "((10, 11), 'LEFT')": -0.19476000000000002,
        "((9, 11), 'UP')": -0.23984239832064,
        "((9, 11), 'LEFT')": -0.36000000000000004,
        "((9, 11), 'DOWN')": -0.26010265506816,
        "((9, 12), 'UP')": -0.2759055613696,
        "((9, 12), 'LEFT')": -0.2,
        "((9, 12), 'RIGHT')": -0.2,
        "((9, 12), 'DOWN')": -0.244239397646336,
        "((9, 13), 'DOWN')": -0.5904,
        "((9, 13), 'UP')": -0.17395339810816002,
        "((13, 11), 'DOWN')": 4.4999999999999964,
        "((13, 12), 'UP')": -0.08,
        "((13, 12), 'LEFT')": -0.2,
        "((13, 12), 'DOWN')": 4.999999999999998,
        "((13, 11), 'UP')": -0.182,
        "((13, 10), 'UP')": -0.18099200000000004,
        "((13, 9), 'LEFT')": -0.2,
        "((13, 9), 'DOWN')": -0.196112,
        "((13, 10), 'LEFT')": -0.2,
        "((13, 10), 'DOWN')": -0.10952000000000002,
        "((13, 10), 'RIGHT')": -0.2,
        "((13, 11), 'RIGHT')": -0.2,
        "((13, 9), 'RIGHT')": -0.2,
        "((13, 9), 'UP')": -0.19764000000000004,
        "((13, 8), 'DOWN')": -0.19640000000000002,
        "((13, 8), 'LEFT')": -0.2,
        "((13, 8), 'UP')": -0.1,
        "((13, 7), 'DOWN')": -0.08,
        "((13, 7), 'UP')": -0.2,
        "((13, 7), 'RIGHT')": -0.2,
        "((13, 7), 'LEFT')": -0.18000000000000002,
        "((12, 7), 'UP')": -0.2,
        "((12, 7), 'LEFT')": -0.19352,
        "((11, 7), 'RIGHT')": -0.16603360000000003,
        "((11, 7), 'DOWN')": -0.2,
        "((11, 7), 'UP')": -0.2,
        "((11, 7), 'LEFT')": -0.184592,
        "((10, 7), 'LEFT')": -0.18099200000000004,
        "((9, 7), 'LEFT')": -0.16659200000000002,
        "((8, 7), 'DOWN')": -0.36000000000000004,
        "((8, 7), 'UP')": -0.36000000000000004,
        "((8, 7), 'LEFT')": -0.1,
        "((7, 7), 'LEFT')": -0.1,
        "((6, 7), 'LEFT')": 0.0,
        "((5, 7), 'UP')": -0.488,
        "((5, 7), 'LEFT')": -0.2,
        "((5, 7), 'DOWN')": -0.1,
        "((5, 8), 'LEFT')": -0.2,
        "((5, 8), 'UP')": -0.1,
        "((5, 7), 'RIGHT')": -0.1,
        "((6, 7), 'UP')": -0.2,
        "((6, 7), 'RIGHT')": -0.1,
        "((7, 7), 'DOWN')": -0.2,
        "((7, 7), 'UP')": -0.2,
        "((7, 7), 'RIGHT')": -0.1,
        "((8, 7), 'RIGHT')": -0.12952,
        "((9, 7), 'RIGHT')": -0.198808976,
        "((10, 7), 'DOWN')": -0.2,
        "((10, 7), 'RIGHT')": -0.13608512,
        "((10, 7), 'UP')": -0.2,
        "((9, 7), 'UP')": -0.2,
        "((12, 7), 'RIGHT')": -0.1124,
        "((12, 7), 'DOWN')": -0.2,
        "((9, 7), 'DOWN')": -0.2,
        "((6, 7), 'DOWN')": -0.2,
        "((13, 8), 'RIGHT')": -0.2,
        "((9, 13), 'LEFT')": -0.2,
        "((9, 13), 'RIGHT')": -0.2
    }
}